,,sharpe,max_drawdown,annualized_return,benchmark_annualized_return,alpha,final_equity,trades_per_year
buy_hold_AAPL,vectorized,1.0099361923800931,-0.3851591335353736,0.2991503566177083,0.13688221483851915,0.16226814177918913,622030.6724524396,0.1431818181818182
buy_hold_AAPL,event (fractional),1.0101718505538082,-0.38515913353537334,0.2992434067752936,0.13688221483851915,0.16236119193677445,622030.8821687602,0.1431818181818182
buy_hold_AAPL,event (whole shares),1.0101667610031255,-0.38512296292435366,0.29922342571327776,0.13688221483851915,0.1623412108747586,621964.1133801423,0.1431818181818182
mom_20,vectorized,1.2046026112029964,-0.25829953106832604,0.24763434285766417,0.13688221483851915,0.11075212801914502,468906.28090560937,20.188636363636363
mom_20,event (fractional),1.2025773130718223,-0.2586851591496351,0.24762154867273245,0.13688221483851915,0.1107393338342133,468872.6986274305,20.188636363636363
mom_20,event (whole shares),1.202619711661777,-0.2586555477394135,0.2475846674648403,0.13688221483851915,0.11070245262632117,468775.9040721646,20.188636363636363
mom_126,vectorized,0.805482506897708,-0.3813926518802115,0.18866852226181163,0.13688221483851915,0.05178630742329249,334375.072802504,6.443181818181818
mom_126,event (fractional),0.8052917473655243,-0.3813729054686137,0.18867537724982375,0.13688221483851915,0.051793162411304605,334388.54068914574,6.443181818181818
mom_126,event (whole shares),0.8052738671651807,-0.38131649796698625,0.18864589546301946,0.13688221483851915,0.05176368062450032,334330.6215872612,6.443181818181818
mr_20_5%,vectorized,0.1722133585203731,-0.3988517787689443,0.014625170381185049,0.13688221483851915,-0.1222570444573341,110672.40151338033,6.586363636363636
mr_20_5%,event (fractional),0.17216979865026102,-0.3988510578978009,0.014621277126384724,0.13688221483851915,-0.12226093771213442,110669.43563272979,6.586363636363636
mr_20_5%,event (whole shares),0.1720722702119247,-0.39883666504397214,0.014603337236914982,0.13688221483851915,-0.12227887760160416,110655.76990876773,6.586363636363636
