regime,strategy,sharpe,max_drawdown,annualized_return,benchmark_annualized_return,alpha,trades_per_year,ann_return
2022 bear,buy_hold_AAPL,-0.6831395980576678,-0.30349145815608414,-0.26404200267049527,-0.18175361295122927,-0.082288389719266,0.0,
2022 bear,mom_20,-1.0031864476923953,-0.21455053239924904,-0.1800568487407922,-0.18175361295122927,0.001696764210437074,29.0,
2022 bear,mom_126,-1.8340421371492115,-0.377687382628998,-0.36212707896954455,-0.18175361295122927,-0.18037346601831528,13.0,
2022 bear,mr_20_5%,0.2944157024631733,-0.15437781964871428,0.044066144923721406,-0.18175361295122927,0.22581975787495068,15.0,
2022 bear,SPY buy&hold,,,,,,,-0.18175361295122927
2023-24 bull,buy_hold_AAPL,1.6808319697095484,-0.16606658929315868,0.40240119401591223,0.25873321492294954,0.1436679790929627,0.0,
2023-24 bull,mom_20,1.2193147218852365,-0.19538462262839484,0.2146252040541592,0.25873321492294954,-0.04410801086879035,23.593625498007967,
2023-24 bull,mom_126,1.1609363260186132,-0.15926021549219496,0.20499983555343437,0.25873321492294954,-0.053733379369515166,9.53784860557769,
2023-24 bull,mr_20_5%,1.0582114991300215,-0.04357800783606264,0.0736401518531018,0.25873321492294954,-0.18509306306984774,4.517928286852589,
2023-24 bull,SPY buy&hold,,,,,,,0.25873321492294954
